from.x,from.y,to.x,to.y,speed,time,is.weekday
-80.0101932577667,40.4394384197127,-80.0096082484446,40.4397568003251,27.6034375,8,1
-79.975451887022,40.4358814204196,-79.9669779554227,40.435816601867,53.7796727272727,8,1
-79.9265064045837,40.4279535385354,-79.9115530718894,40.4257660639259,39.5202807017544,8,1
-80.0101932577667,40.4394384197127,-80.0009760641647,40.4363019000935,24.8787916666667,8,1
-80.0078912959664,40.4484326874606,-80.0045265038133,40.4491368209507,41.9730188679245,8,1
-80.015877744718,40.4488935489873,-80.0134910270279,40.448395428959,46.7826923076923,8,1
-79.994345449673,40.4508737849517,-79.992594276606,40.4555879483839,50.6930303030303,8,1
-79.9978397129922,40.4539265375579,-79.9967945383682,40.4540789407027,49.6538888888889,8,1
-80.0101871745366,40.4919643749712,-79.9991860138232,40.4592068976146,61.4619811320755,8,1
-79.994033231545,40.3797725121875,-79.9928810581136,40.3786370809244,27.2738947368421,8,1
-79.9936706920704,40.3839552184347,-79.9950761982209,40.3846962459415,27.8288381742739,8,1
-79.9974483108745,40.3953454957625,-79.9972991530441,40.3944819507148,28.0336363636364,8,1
-79.979833939892,40.4647756106821,-79.97942123021,40.4645937635711,40.9180656934307,8,1
-80.0095969522231,40.4141981108114,-79.9992681610306,40.4291466738305,28.2999061032864,8,1
-79.9725284218537,40.4370888827526,-79.9669779554227,40.435816601867,43.7122900763359,8,1
-79.9592027818445,40.431135859948,-79.9578169472402,40.4300216919363,14.4926775956284,8,1
-79.9359242542782,40.399866277981,-79.9348708627099,40.3931345795683,23.805376344086,8,1
-79.9447232745249,40.4113125014538,-79.9440772046756,40.4099891732268,31.9294666666667,8,1
-79.9731648588893,40.4358185174974,-79.9652637939903,40.4340356295261,32.1318137254902,8,1
-80.0390568549862,40.4045897794299,-80.0408154672207,40.4033271978306,32.6774431818182,8,1
-79.9082751832002,40.4742161006875,-79.9078463338854,40.484269090485,26.8091358024691,8,1
-79.9345972725653,40.4581190230101,-79.9338189014452,40.4583514241283,23.4956666666667,8,1
-79.9081917255399,40.4514869349057,-79.90633362374,40.4508599618404,15.6457777777778,8,1
-80.0355743026819,40.4677509976448,-80.0377090779032,40.4717698844338,39.5448760330579,8,1
-79.9579610956355,40.4651823191294,-79.9566780260826,40.4654002285792,26.1202941176471,8,1
-79.9285826861448,40.462697200811,-79.9278224036318,40.4625110416773,15.2950704225352,8,1
-80.0039818989551,40.4411618846041,-80.0034702022821,40.4409731298199,9.30138888888889,8,1
-79.9387957756585,40.4438816427602,-79.9382423129348,40.4433556560532,23.1826530612245,8,1
-79.9885734086844,40.4287024904679,-79.9875177884176,40.4287261132372,12.7029591836735,8,1
-79.9898189304022,40.4344805751812,-79.9731648588893,40.4358185174974,12.7917857142857,8,1
-80.0070118065913,40.440296741003,-80.0050212863367,40.4395985870424,12.71608,8,1
-79.9837980479006,40.3873246882702,-79.9833025253891,40.3870543645284,27.2100961538462,8,1
-79.9786844801315,40.3969661650849,-79.9781091313297,40.3969697844693,36.9525210084034,8,1
-80.0036758059675,40.4529634141981,-80.0026157622243,40.453148489408,14.7613541666667,8,1
-79.9638248676575,40.4378828569689,-79.9620709760214,40.4391314168854,18.863623853211,8,1
-79.9207120976228,40.4528937793734,-79.9196924176311,40.4530269621727,21.145843373494,8,1
-79.9387957756585,40.4438816427602,-79.9382423129348,40.4433556560532,19.086,8,1
-79.9706857360367,40.4592223983745,-79.9692683472242,40.4601879300044,10.1983333333333,8,1
-79.9886983152917,40.4307478126265,-79.9898189304022,40.4344805751812,52.9698039215686,8,1
-79.9585031032464,40.4315923489134,-79.9561660988133,40.4288591298682,48.9231111111111,8,1
-79.9265064045837,40.4279535385354,-79.9115530718894,40.4257660639259,36.3117518248175,8,1
-79.897445970603,40.4259951014493,-79.8965606534151,40.4260391502265,51.2680071174377,8,1
-80.0273293518876,40.4301995589353,-80.0242829714115,40.4291029347163,30.5660071942446,8,1
-80.0101932577667,40.4394384197127,-80.0009760641647,40.4363019000935,29.5947346938776,8,1
-80.015877744718,40.4488935489873,-80.0134910270279,40.448395428959,47.3052232142857,8,1
-79.994345449673,40.4508737849517,-79.992594276606,40.4555879483839,47.3316666666667,8,1
-79.9946287411732,40.4507727787591,-79.9913252132101,40.4477761815735,52.8456451612903,8,1
-80.009642218588,40.4458002787287,-80.0068155470256,40.4486238853136,23.9636363636364,8,1
-80.0068155470256,40.4486238853136,-80.0040286394832,40.4491018032409,42.8037931034483,8,1
-79.9936706920704,40.3839552184347,-79.9950761982209,40.3846962459415,16.3502666666667,8,1
-79.9974483108745,40.3953454957625,-79.9972991530441,40.3944819507148,30.0433870967742,8,1
-80.0113863018024,40.4150351259468,-80.0099750997733,40.4141620792672,21.4665789473684,8,1
-80.0241686810616,40.4288845379861,-80.0241010031242,40.4300070431932,36.6347596153846,8,1
-79.994345449673,40.4508737849517,-79.992594276606,40.4555879483839,36.677366255144,8,1
-79.9078463338854,40.484269090485,-79.9107570017796,40.4855758818875,21.7065838509317,8,1
-80.0095969522231,40.4141981108114,-79.9992681610306,40.4291466738305,27.2366037735849,8,1
-79.9592027818445,40.431135859948,-79.9578169472402,40.4300216919363,14.9499319727891,8,1
-79.9564077994022,40.4351240791047,-79.9559382017702,40.4349670067122,14.7076315789474,8,1
-79.9578169472402,40.4300216919363,-79.9537801038007,40.4259127094974,33.3404736842105,8,1
-79.9925236069677,40.441227007875,-79.9896241758045,40.4449731821684,41.7570476190476,8,1
-79.9396398601339,40.4566268392728,-79.9385359043376,40.4569330561053,20.3967375886525,8,1
-80.0273293518876,40.4301995589353,-80.0242829714115,40.4291029347163,31.3728158844765,8,1
-80.0041812112315,40.3781696461072,-80.0037535671907,40.3778788131584,27.3176262626263,8,1
-79.9410601796627,40.4573870349761,-79.9396398601339,40.4566268392728,18.0444970414201,8,1
-80.0021496442316,40.4427416558446,-80.001204476475,40.44298540556,6.99820224719101,8,1
-79.9672138150534,40.4626735671717,-79.9650672892723,40.4639911955612,17.4493421052632,8,1
-79.9949588752294,40.4421572580961,-79.9938644319296,40.4438255489674,11.7262857142857,8,1
-79.9972665783316,40.4386899150787,-79.9960558139842,40.4382276046981,4.39538461538462,8,1
-79.9569706346605,40.4415641163604,-79.9562153213218,40.4409550584561,15.3279661016949,8,1
-79.919359125803,40.4380405984466,-79.9177262284597,40.4380394072182,17.4721153846154,8,1
-79.9885734086844,40.4287024904679,-79.9875177884176,40.4287261132372,10.6885454545455,8,1
-79.9968026100721,40.4393935602654,-79.9955980289364,40.438995824972,9.59803571428571,8,1
-79.9207120976228,40.4528937793734,-79.9196924176311,40.4530269621727,23.6490526315789,8,1
-80.0430767604775,40.4788616713903,-80.0483759571475,40.4771248893655,29.0705462184874,8,1
-79.986890305975,40.4482209559937,-79.9853935919249,40.4491515919171,12.7666666666667,8,1
-79.9944194541772,40.4463348640889,-79.9923098235013,40.4476347189048,25.1449704142012,8,1
-80.0027081358173,40.4439950799799,-80.0017888478448,40.4442743702389,15.7628965517241,8,1
-79.9982712475594,40.4455680725947,-79.9976321603095,40.4445121472975,15.1029285714286,8,1
-80.0067515173083,40.4408418211718,-80.0057367068331,40.4411376831204,9.18712643678161,8,1
-79.9205127602105,40.4438511543988,-79.9198112496364,40.4439693553477,17.8965168539326,8,1
-79.9208303232947,40.4598057873675,-79.9220714798566,40.4591934932994,18.2429411764706,8,1
-79.9712749696591,40.4598569651379,-79.9699490292631,40.4607719970544,7.74892307692308,8,1
-79.9622902158894,40.4687069929587,-79.9617324544809,40.4691443005922,16.038347107438,8,1
-80.0187553958422,40.4510827240505,-80.0188971891777,40.451517912158,18.31765625,8,1
-80.0041140549738,40.4422129563758,-80.0030963247696,40.4424896293097,9.84157303370787,8,1
-80.0273293518876,40.4301995589353,-80.0242829714115,40.4291029347163,31.8519834710744,8,1
-80.0263769229602,40.4310828697937,-80.0282000949053,40.4309920091858,21.447786259542,8,1
-80.0308576005311,40.4270385735553,-80.0305372118504,40.4227552574639,30.9774863387978,8,1
-80.0301981535007,40.4274028797985,-80.0293313319559,40.4288350771519,28.8427807486631,8,1
-80.0083407450601,40.4392119873579,-80.0008965479285,40.4364275526204,41.8200909090909,8,1
-79.9631114964208,40.4371088182257,-79.9619869216205,40.4379203551098,15.1153658536585,8,1
-79.8954867327822,40.4260918458055,-79.8912583999688,40.4272022288893,33.2815079365079,8,1
-79.9321239011022,40.4294067440185,-79.9399628672101,40.4290539909475,45.904702970297,8,1
-79.9264800061217,40.4281225755988,-79.929185267285,40.4287156742664,33.1613223140496,8,1
-79.9279089232774,40.4276216274133,-79.9271052926905,40.4279722016031,29.857803030303,8,1
-80.0009760641647,40.4363019000935,-79.9950846969213,40.4340592584893,41.2063003663004,14,1
-79.975451887022,40.4358814204196,-79.9669779554227,40.435816601867,53.7890545454545,14,1
-79.9265064045837,40.4279535385354,-79.9115530718894,40.4257660639259,39.6684912280702,14,1
-79.9986763560681,40.4585825305189,-79.9984155976068,40.4588420025036,56.769137254902,14,1
-80.0059759658937,40.4823586583765,-80.0079411571393,40.4831475146918,58.7709756097561,14,1
-80.0094893220899,40.4915855241028,-80.008887253372,40.4869745617861,57.8820491803279,14,1
-80.0248714366943,40.4489409190514,-80.0188427507767,40.4487508570802,49.9857874015748,14,1
-80.0313990066487,40.4621392443405,-80.0295331809106,40.4566353374556,50.1991935483871,14,1
-79.9935120093967,40.4393249196003,-79.9915320209725,40.4404391281538,44.4813829787234,14,1
-79.9910359219339,40.4441669287632,-79.9927098301159,40.4414098558353,55.0887234042553,14,1
-79.9978397129922,40.4539265375579,-79.9967945383682,40.4540789407027,49.4255555555556,14,1
-80.0117499035409,40.4941427185599,-80.0101871745366,40.4919643749712,42.1684279475983,14,1
-79.994033231545,40.3797725121875,-79.9928810581136,40.3786370809244,26.9474611398964,14,1
-80.0241686810616,40.4288845379861,-80.0241010031242,40.4300070431932,41.746875,14,1
-79.9929472209117,40.4552404355382,-79.9923099456391,40.4554095797534,31.4052554744526,14,1
-79.9078463338854,40.484269090485,-79.9107570017796,40.4855758818875,30.7795698924731,14,1
-79.9078463338854,40.484269090485,-79.9107570017796,40.4855758818875,28.8295192307692,14,1
-80.0095969522231,40.4141981108114,-79.9992681610306,40.4291466738305,23.2294871794872,14,1
-79.9564077994022,40.4351240791047,-79.9559382017702,40.4349670067122,17.3395757575758,14,1
-79.9359242542782,40.399866277981,-79.9348708627099,40.3931345795683,35.6969411764706,14,1
-79.8957050627039,40.4922365267319,-79.8936847384272,40.4919058880579,53.6342352941176,14,1
-80.0538479907543,40.4379395958248,-80.0525150498272,40.4364757234696,25.4919230769231,14,1
-79.9731648588893,40.4358185174974,-79.9652637939903,40.4340356295261,31.9583333333333,14,1
-80.0296597864083,40.422525108331,-80.029637549836,40.4223812812222,37.7060169491525,14,1
-79.9592027818445,40.431135859948,-79.9578169472402,40.4300216919363,31.4421134020619,14,1
-79.9605315513641,40.4579282650159,-79.9561503883639,40.4600688621436,26.6223493975904,14,1
-79.953333955181,40.4539936016825,-79.9526179446311,40.4540134268256,20.6983783783784,14,1
-79.9959525089591,40.3822310530178,-79.9997307235887,40.3807447223128,17.3361904761905,14,1
-79.9706857360367,40.4592223983745,-79.9692683472242,40.4601879300044,24.5587362637363,14,1
-80.0051495034853,40.4415661762868,-80.0041140549738,40.4422129563758,8.81473684210526,14,1
-79.9285826861448,40.462697200811,-79.9278224036318,40.4625110416773,15.1767832167832,14,1
-80.0039818989551,40.4411618846041,-80.0034702022821,40.4409731298199,9.34328947368421,14,1
-79.9972665783316,40.4386899150787,-79.9960558139842,40.4382276046981,11.3924778761062,14,1
-79.9330880664023,40.4377031017482,-79.9307349156035,40.4378353150661,18.5569662921348,14,1
-79.919359125803,40.4380405984466,-79.9177262284597,40.4380394072182,16.8508888888889,14,1
-79.8994848006696,40.439556911445,-79.8976423114958,40.4396613586183,15.5729032258065,14,1
-79.9886430349599,40.4300293772109,-79.987535748169,40.4300532287352,24.7102857142857,14,1
-79.9898189304022,40.4344805751812,-79.9731648588893,40.4358185174974,12.7823333333333,14,1
-79.9983628267293,40.4370636187516,-79.9951103950099,40.4359318661507,13.7794,14,1
-79.9271466671276,40.4196076395184,-79.9259155613696,40.4173890459494,24.3095454545455,14,1
-79.9786844801315,40.3969661650849,-79.9781091313297,40.3969697844693,36.9344,14,1
-80.0038716728955,40.4470597159217,-80.002760387476,40.4441122731106,11.3135087719298,14,1
-80.0045265038133,40.4491368209507,-80.0025581772866,40.4494869449858,14.3312087912088,14,1
-80.0048978138933,40.4503119386,-80.0029523507111,40.4507018675502,20.77,14,1
-79.9968026100721,40.4393935602654,-79.9955980289364,40.438995824972,13.0845,14,1
-79.9124236185605,40.4540374680032,-79.9112547560137,40.4532318097762,17.8259036144578,14,1
-79.919359125803,40.4380405984466,-79.9177262284597,40.4380394072182,16.8400961538462,14,1
-79.9712749696591,40.4598569651379,-79.9699490292631,40.4607719970544,25.9247058823529,14,1
-80.026833922084,40.4498853939126,-80.0188427507767,40.4487508570802,16.6142957746479,14,1
-80.014018286902,40.4524050903823,-80.0148735783093,40.4522532928302,13.3738095238095,14,1
-79.9202701024264,40.4120259479582,-79.9197386035871,40.4116284054559,41.3044285714286,14,1
-80.0101932577667,40.4394384197127,-80.0096082484446,40.4397568003251,33.019649122807,14,1
-79.9585031032464,40.4315923489134,-79.9561660988133,40.4288591298682,48.9180740740741,14,1
-79.897445970603,40.4259951014493,-79.8965606534151,40.4260391502265,51.2419217081851,14,1
-80.009642218588,40.4458002787287,-80.0068155470256,40.4486238853136,36.95624,14,1
-80.0059759658937,40.4823586583765,-80.0079411571393,40.4831475146918,57.4781640625,14,1
-79.9910359219339,40.4441669287632,-79.9927098301159,40.4414098558353,48.9040350877193,14,1
-80.009642218588,40.4458002787287,-80.0068155470256,40.4486238853136,23.9636363636364,14,1
-80.0009806667301,40.4496740242238,-79.9977090760507,40.4507438912946,53.3667741935484,14,1
-80.0096847882152,40.4139636773791,-80.0069334685479,40.411972855867,35.1085882352941,14,1
-79.994345449673,40.4508737849517,-79.992594276606,40.4555879483839,36.2845267489712,14,1
-79.9929472209117,40.4552404355382,-79.9923099456391,40.4554095797534,23.3084051724138,14,1
-79.9078463338854,40.484269090485,-79.9107570017796,40.4855758818875,23.9131794871795,14,1
-79.9371556186231,40.48842923155,-79.9364899634275,40.4886546203303,31.9999411764706,14,1
-80.0096847882152,40.4139636773791,-80.0069334685479,40.411972855867,15.6893670886076,14,1
-79.9592027818445,40.431135859948,-79.9578169472402,40.4300216919363,15.0196052631579,14,1
-79.9564077994022,40.4351240791047,-79.9559382017702,40.4349670067122,14.7224836601307,14,1
-79.9359242542782,40.399866277981,-79.9348708627099,40.3931345795683,35.8057692307692,14,1
-79.9564082166558,40.4174687290481,-79.9555233801388,40.4110243253521,39.2117874396135,14,1
-79.9345972725653,40.4581190230101,-79.9338189014452,40.4583514241283,19.1109016393443,14,1
-79.9124236185605,40.4540374680032,-79.9112547560137,40.4532318097762,21.0684831460674,14,1
-79.9040674261812,40.458007251718,-79.9014791839787,40.457554433013,16.5280769230769,14,1
-80.0269655597472,40.4442952243475,-80.0273099026248,40.4438756088457,14.0785987261147,14,1
-80.0067515173083,40.4408418211718,-80.0057367068331,40.4411376831204,17.5195,14,1
-79.9938644319296,40.4438255489674,-79.9793887794441,40.4516364037542,14.7859210526316,14,1
-80.0021496442316,40.4427416558446,-80.001204476475,40.44298540556,6.93765957446809,14,1
-79.919359125803,40.4380405984466,-79.9177262284597,40.4380394072182,17.5095327102804,14,1
-79.9130828733393,40.4380276555525,-79.9114746951869,40.4380127850891,18.5595575221239,14,1
-79.9885734086844,40.4287024904679,-79.9875177884176,40.4287261132372,10.6145,14,1
-79.9886430349599,40.4300293772109,-79.987535748169,40.4300532287352,19.3190540540541,14,1
-79.9271466671276,40.4196076395184,-79.9259155613696,40.4173890459494,23.2222764227642,14,1
-80.0038716728955,40.4470597159217,-80.002760387476,40.4441122731106,23.6821428571429,14,1
-80.0036758059675,40.4529634141981,-80.0026157622243,40.453148489408,16.8735185185185,14,1
-80.0430767604775,40.4788616713903,-80.0483759571475,40.4771248893655,28.8833193277311,14,1
-79.9944194541772,40.4463348640889,-79.9923098235013,40.4476347189048,24.9484090909091,14,1
-79.9208303232947,40.4598057873675,-79.9220714798566,40.4591934932994,18.2601369863014,14,1
-79.9672138150534,40.4626735671717,-79.9650672892723,40.4639911955612,11.5596296296296,14,1
-79.9377041981304,40.4882355937109,-79.9371556186231,40.48842923155,31.7740740740741,14,1
-79.9712749696591,40.4598569651379,-79.9699490292631,40.4607719970544,7.79588235294118,14,1
-80.0046754462284,40.4434580775322,-80.0036701762343,40.4437230789619,9.59418181818182,14,1
-80.0308857670384,40.4248955995166,-80.0296597864083,40.422525108331,32.0730463576159,14,1
-80.0083407450601,40.4392119873579,-80.0008965479285,40.4364275526204,35.6595544554455,14,1
-79.9321239011022,40.4294067440185,-79.9399628672101,40.4290539909475,21.70075,14,1
-79.9279089232774,40.4276216274133,-79.9271052926905,40.4279722016031,30.093309352518,14,1
-79.9288416746472,40.4282945683593,-79.9309885907971,40.4284244896935,22.8498113207547,14,1
-80.0009760641647,40.4363019000935,-79.9950846969213,40.4340592584893,40.8075457875458,20,1
-79.9886983152917,40.4307478126265,-79.9898189304022,40.4344805751812,46.1400714285714,20,1
-79.975451887022,40.4358814204196,-79.9669779554227,40.435816601867,51.9623636363636,20,1
-79.897445970603,40.4259951014493,-79.8965606534151,40.4260391502265,44.7986037735849,20,1
-80.0308857670384,40.4248955995166,-80.0296597864083,40.422525108331,41.3667025089606,20,1
-80.0244036478342,40.4318052129682,-80.0137496315058,40.437476134165,33.8198828125,20,1
-80.0122166400866,40.4383687712438,-80.0101932577667,40.4394384197127,20.1107633587786,20,1
-80.009642218588,40.4458002787287,-80.0068155470256,40.4486238853136,38.1780566801619,20,1
-80.015877744718,40.4488935489873,-80.0134910270279,40.448395428959,46.6077674418605,20,1
-80.002910222571,40.4493018151819,-79.9971486809939,40.4541025848934,41.8159375,20,1
-80.0009806667301,40.4496740242238,-79.9977090760507,40.4507438912946,57.0355696202532,20,1
-80.0265358940255,40.4306586606179,-80.0255747887141,40.4304749793851,43.8278481012658,20,1
-79.9936706920704,40.3839552184347,-79.9950761982209,40.3846962459415,27.4548163265306,20,1
-79.9725284218537,40.4370888827526,-79.9669779554227,40.435816601867,43.627072243346,20,1
-79.9940991622838,40.4358731539459,-79.9934234338469,40.4356650788675,29.6198571428571,20,1
-79.9592027818445,40.431135859948,-79.9578169472402,40.4300216919363,14.1253645833333,20,1
-79.8957050627039,40.4922365267319,-79.8936847384272,40.4919058880579,52.7089411764706,20,1
-79.8862857600105,40.4908741651116,-79.8846026765158,40.4907768381229,53.3849315068493,20,1
-79.9731648588893,40.4358185174974,-79.9652637939903,40.4340356295261,31.8963157894737,20,1
-79.9592027818445,40.431135859948,-79.9578169472402,40.4300216919363,31.5218181818182,20,1
-79.9564082166558,40.4174687290481,-79.9555233801388,40.4110243253521,29.0002645502645,20,1
-79.9885734086844,40.4287024904679,-79.9875177884176,40.4287261132372,23.4372192513369,20,1
-80.0169876050877,40.4396997937825,-80.0122166400866,40.4383687712438,32.169896373057,20,1
-80.0402300453513,40.4752602082892,-80.0430767604775,40.4788616713903,36.335,20,1
-80.0067515173083,40.4408418211718,-80.0057367068331,40.4411376831204,15.5210317460317,20,1
-79.986890305975,40.4482209559937,-79.9853935919249,40.4491515919171,25.9630917874396,20,1
-79.9540109979473,40.4633777635809,-79.9528271869621,40.4636423840418,18.2307975460123,20,1
-79.987504012933,40.4488165147956,-79.9860729946509,40.4497096758782,21.8770068027211,20,1
-79.9672138150534,40.4626735671717,-79.9650672892723,40.4639911955612,20.1566666666667,20,1
-80.0039818989551,40.4411618846041,-80.0034702022821,40.4409731298199,9.36898734177215,20,1
-79.9130828733393,40.4380276555525,-79.9114746951869,40.4380127850891,33.7221818181818,20,1
-79.9726059506553,40.4376832445192,-79.9734063093925,40.4338525078765,14.2693939393939,20,1
-79.9886430349599,40.4300293772109,-79.987535748169,40.4300532287352,24.7505594405594,20,1
-79.9271466671276,40.4196076395184,-79.9259155613696,40.4173890459494,24.4671111111111,20,1
-79.9561527456392,40.4108678910846,-79.9555233801388,40.4110243253521,16.6689473684211,20,1
-80.0202610648327,40.4982443165317,-80.0190122841179,40.4975130362144,30.88025,20,1
-79.9968026100721,40.4393935602654,-79.9955980289364,40.438995824972,13.0686666666667,20,1
-79.9726059506553,40.4376832445192,-79.9710423713806,40.4371794628171,21.3190909090909,20,1
-79.9124236185605,40.4540374680032,-79.9112547560137,40.4532318097762,17.6701734104046,20,1
-80.0073741412109,40.439176632758,-80.0057457110848,40.4385485295316,15.4962765957447,20,1
-79.9387957756585,40.4438816427602,-79.9382423129348,40.4433556560532,18.2894117647059,20,1
-79.9377041981304,40.4882355937109,-79.9371556186231,40.48842923155,16.1491666666667,20,1
-79.9573391450432,40.4586336883718,-79.9568349743246,40.4584803708789,26.5218045112782,20,1
-80.026833922084,40.4498853939126,-80.0188427507767,40.4487508570802,16.2851700680272,20,1
-79.975451887022,40.4358814204196,-79.9669779554227,40.435816601867,48.6732567049808,20,1
-80.0308857670384,40.4248955995166,-80.0296597864083,40.422525108331,35.8047709923664,20,1
-80.0101932577667,40.4394384197127,-80.0009760641647,40.4363019000935,28.9779674796748,20,1
-80.0088605316052,40.443386560661,-80.0062755351174,40.4434133763627,32.840775862069,20,1
-80.0040286394832,40.4491018032409,-79.99774393878,40.4500642937025,39.9838139534884,20,1
-79.9925236069677,40.441227007875,-79.9896241758045,40.4449731821684,46.9138604651163,20,1
-79.994345449673,40.4508737849517,-79.992594276606,40.4555879483839,47.4381659388646,20,1
-80.009642218588,40.4458002787287,-80.0068155470256,40.4486238853136,26.1891666666667,20,1
-80.002910222571,40.4493018151819,-79.9971486809939,40.4541025848934,47.2865957446809,20,1
-79.9991860138232,40.4592068976146,-79.9969617486047,40.4524120429157,57.1245569620253,20,1
-80.0101871745366,40.4919643749712,-79.9991860138232,40.4592068976146,61.2072727272727,20,1
-79.9944787458684,40.4361386820739,-79.9937329087073,40.4388939853645,36.6170967741935,20,1
-80.0297918986936,40.4451540593758,-80.0246823277918,40.4427737351423,20.2226804123711,20,1
-80.0259997145711,40.4481585188543,-80.0248714366943,40.4489409190514,24.791095890411,20,1
-79.979833939892,40.4647756106821,-79.97942123021,40.4645937635711,36.4579928315412,20,1
-79.9078463338854,40.484269090485,-79.9107570017796,40.4855758818875,21.4834730538922,20,1
-79.9956981025702,40.4342580217106,-79.9944787458684,40.4361386820739,36.2296116504854,20,1
-80.0296597864083,40.422525108331,-80.029637549836,40.4223812812222,38.1637696335079,20,1
-79.908622020827,40.4702810699454,-79.9083629382984,40.4732893989324,33.2224203821656,20,1
-79.9082751832002,40.4742161006875,-79.9078463338854,40.484269090485,28.94004784689,20,1
-79.9564082166558,40.4174687290481,-79.9555233801388,40.4110243253521,39.3462264150943,20,1
-80.0297918986936,40.4451540593758,-80.0246823277918,40.4427737351423,26.8084102564103,20,1
-79.9605315513641,40.4579282650159,-79.9561503883639,40.4600688621436,28.8098203592814,20,1
-80.0273293518876,40.4301995589353,-80.0242829714115,40.4291029347163,31.1826353790614,20,1
-80.0099467728547,40.4133356123781,-80.0072597244795,40.4123165109466,32.55375,20,1
-80.0067515173083,40.4408418211718,-80.0057367068331,40.4411376831204,17.7141463414634,20,1
-80.0021496442316,40.4427416558446,-80.001204476475,40.44298540556,6.81948979591837,20,1
-79.9672138150534,40.4626735671717,-79.9650672892723,40.4639911955612,17.5116666666667,20,1
-79.9124236185605,40.4540374680032,-79.9112547560137,40.4532318097762,20.8373913043478,20,1
-79.9734580090101,40.4371489132861,-79.9725284218537,40.4370888827526,21.0059340659341,20,1
-79.919359125803,40.4380405984466,-79.9177262284597,40.4380394072182,17.4354385964912,20,1
-79.8994848006696,40.439556911445,-79.8976423114958,40.4396613586183,31.35704,20,1
-79.9736072798972,40.4283624304508,-79.9730368160275,40.4283201203986,17.6526923076923,20,1
-79.9345395499204,40.4280926881383,-79.9324016481417,40.4288983220687,24.7907865168539,20,1
-79.9837980479006,40.3873246882702,-79.9833025253891,40.3870543645284,13.1507692307692,20,1
-80.0202610648327,40.4982443165317,-80.0190122841179,40.4975130362144,23.6251006711409,20,1
-80.0048978138933,40.4503119386,-80.0029523507111,40.4507018675502,7.83888888888889,20,1
-79.9082947972864,40.4583306568065,-79.908039780233,40.4586741824186,19.8491329479769,20,1
-79.987504012933,40.4488165147956,-79.9860729946509,40.4497096758782,9.81936507936508,20,1
-80.0086820224255,40.4419328381355,-80.0062755351174,40.4434133763627,23.1022058823529,20,1
-79.9622902158894,40.4687069929587,-79.9617324544809,40.4691443005922,15.534765625,20,1
-80.0187553958422,40.4510827240505,-80.0188971891777,40.451517912158,18.2801438848921,20,1
-80.0050212863367,40.4395985870424,-80.0036346644576,40.4390783472366,10.11578125,20,1
-79.9631114964208,40.4371088182257,-79.9619869216205,40.4379203551098,14.7270616113744,20,1
-79.8954867327822,40.4260918458055,-79.8912583999688,40.4272022288893,36.1193650793651,20,1
-79.8954867327822,40.4260918458055,-79.8912583999688,40.4272022288893,35.9437168141593,20,1
-79.9313115194314,40.4289075869972,-79.9265064045837,40.4279535385354,32.9543636363636,20,1
-79.9296204602831,40.4281248270879,-79.929988274027,40.4282106911143,17.8569565217391,20,1
-79.9269333026423,40.4269047618018,-79.927907282891,40.427622886212,28.0695283018868,20,1
-80.008085935068,40.4403911695669,-80.0067515173083,40.4408418211718,34.524,20,1
-80.008085935068,40.4403911695669,-80.0067515173083,40.4408418211718,22.9704651162791,20,1
-79.9886983152917,40.4307478126265,-79.9898189304022,40.4344805751812,52.7363250883392,8,0
-80.0305372118504,40.4227552574639,-80.0350106772891,40.4200229177011,47.8634843205575,8,0
-80.0308857670384,40.4248955995166,-80.0296597864083,40.422525108331,48.955298245614,8,0
-79.9986763560681,40.4585825305189,-79.9984155976068,40.4588420025036,58.7666909090909,8,0
-80.0078912959664,40.4484326874606,-80.0045265038133,40.4491368209507,47.615145631068,8,0
-80.0313990066487,40.4621392443405,-80.0295331809106,40.4566353374556,50.6331075697211,8,0
-79.9946287411732,40.4507727787591,-79.9913252132101,40.4477761815735,42.6588888888889,8,0
-80.0068155470256,40.4486238853136,-80.0040286394832,40.4491018032409,29.3490243902439,8,0
-80.0009806667301,40.4496740242238,-79.9977090760507,40.4507438912946,56.0365476190476,8,0
-79.9944787458684,40.4361386820739,-79.9937329087073,40.4388939853645,37.391341991342,8,0
-80.0297918986936,40.4451540593758,-80.0246823277918,40.4427737351423,26.1172093023256,8,0
-79.994033231545,40.3797725121875,-79.9928810581136,40.3786370809244,29.2067156862745,8,0
-79.9936706920704,40.3839552184347,-79.9950761982209,40.3846962459415,30.6750980392157,8,0
-79.9974483108745,40.3953454957625,-79.9972991530441,40.3944819507148,30.2686111111111,8,0
-79.9981940565017,40.3962777164987,-79.9979881575911,40.3960320577118,34.9545895522388,8,0
-79.979833939892,40.4647756106821,-79.97942123021,40.4645937635711,44.3708185053381,8,0
-79.9162458619726,40.4869707978988,-79.91802507949,40.4873608478726,28.6221383647799,8,0
-79.9592027818445,40.431135859948,-79.9578169472402,40.4300216919363,18.4593121693122,8,0
-79.8862857600105,40.4908741651116,-79.8846026765158,40.4907768381229,59.7594736842105,8,0
-80.0763633877873,40.441805127697,-80.0805267944109,40.4405461276996,20.7159701492537,8,0
-79.9124236185605,40.4540374680032,-79.9112547560137,40.4532318097762,24.1830508474576,8,0
-79.932898353441,40.3928428089954,-79.9324234258616,40.3929127097395,39.1546927374302,8,0
-79.9124236185605,40.4540374680032,-79.9112547560137,40.4532318097762,21.604,8,0
-79.9081917255399,40.4514869349057,-79.90633362374,40.4508599618404,17.574347826087,8,0
-80.0402300453513,40.4752602082892,-80.0430767604775,40.4788616713903,37.7582926829268,8,0
-79.9938644319296,40.4438255489674,-79.9793887794441,40.4516364037542,22.6701226993865,8,0
-79.9540109979473,40.4633777635809,-79.9528271869621,40.4636423840418,19.5051176470588,8,0
-80.0051495034853,40.4415661762868,-80.0041140549738,40.4422129563758,9.93715384615385,8,0
-79.9124236185605,40.4540374680032,-79.9112547560137,40.4532318097762,26.7381313131313,8,0
-79.9968026100721,40.4393935602654,-79.9955980289364,40.438995824972,13.7237837837838,8,0
-79.9387957756585,40.4438816427602,-79.9382423129348,40.4433556560532,25.3946,8,0
-79.9130828733393,40.4380276555525,-79.9114746951869,40.4380127850891,33.5567469879518,8,0
-79.9885734086844,40.4287024904679,-79.9875177884176,40.4287261132372,11.0879090909091,8,0
-79.9951103950099,40.4359318661507,-79.994663583583,40.4358001059384,26.7404347826087,8,0
-79.9271466671276,40.4196076395184,-79.9259155613696,40.4173890459494,24.7884210526316,8,0
-80.031657017862,40.462526387256,-80.0307811486813,40.4621110069381,30.5464179104478,8,0
-80.0202610648327,40.4982443165317,-80.0190122841179,40.4975130362144,33.1660869565217,8,0
-80.0048978138933,40.4503119386,-80.0029523507111,40.4507018675502,21.2198684210526,8,0
-79.9909436559591,40.4388066149727,-79.9903216585652,40.4387760865923,21.9148730964467,8,0
-79.9519108858938,40.4464763390984,-79.9505884684963,40.4467997950008,20.9203535353535,8,0
-79.9207120976228,40.4528937793734,-79.9196924176311,40.4530269621727,22.6429139072848,8,0
-80.0086820224255,40.4419328381355,-80.0062755351174,40.4434133763627,22.4549450549451,8,0
-79.9387957756585,40.4438816427602,-79.9382423129348,40.4433556560532,22.59,8,0
-79.9205127602105,40.4438511543988,-79.9198112496364,40.4439693553477,23.9822826086957,8,0
-79.9208303232947,40.4598057873675,-79.9220714798566,40.4591934932994,13.2664,8,0
-79.9579610956355,40.4651823191294,-79.9566780260826,40.4654002285792,22.1279381443299,8,0
-80.0041140549738,40.4422129563758,-80.0030963247696,40.4424896293097,12.3591089108911,8,0
-79.9615272177539,40.4358364117414,-79.9593160086486,40.4358830864423,24.074756097561,8,0
-79.9950846969213,40.4340592584893,-79.975451887022,40.4358814204196,56.1191519434629,8,0
-79.9313115194314,40.4289075869972,-79.9265064045837,40.4279535385354,50.602787456446,8,0
-80.0273293518876,40.4301995589353,-80.0242829714115,40.4291029347163,38.0875179856115,8,0
-80.0088605316052,40.443386560661,-80.0062755351174,40.4434133763627,35.2860317460317,8,0
-80.0033718183344,40.4705065062809,-80.0054039972957,40.4741087238741,56.8460573476703,8,0
-79.9935120093967,40.4393249196003,-79.9915320209725,40.4404391281538,43.0754314720812,8,0
-79.9967945383682,40.4540789407027,-79.994451373618,40.45483488248,54.1778921568627,8,0
-80.0068155470256,40.4486238853136,-80.0040286394832,40.4491018032409,48.0570408163265,8,0
-79.994033231545,40.3797725121875,-79.9928810581136,40.3786370809244,34.310974025974,8,0
-79.9959525089591,40.3822310530178,-79.9950613491877,40.3823463799154,29.0604026845638,8,0
-79.9974483108745,40.3953454957625,-79.9972991530441,40.3944819507148,32.1400387596899,8,0
-79.9371556186231,40.48842923155,-79.9364899634275,40.4886546203303,32.249756097561,8,0
-80.0096847882152,40.4139636773791,-80.0069334685479,40.411972855867,17.4314705882353,8,0
-79.9956981025702,40.4342580217106,-79.9944787458684,40.4361386820739,40.4660913705584,8,0
-79.9564077994022,40.4351240791047,-79.9559382017702,40.4349670067122,19.3433333333333,8,0
-79.9064454750625,40.4621579880553,-79.9045066779035,40.4631772233954,27.0201069518717,8,0
-80.003962049183,40.432164496017,-80.0016356882526,40.4310047498777,23.6156647398844,8,0
-80.0297918986936,40.4451540593758,-80.0246823277918,40.4427737351423,32.0471282051282,8,0
-79.9227225155921,40.4606559341915,-79.9208303232947,40.4598057873675,18.3957894736842,8,0
-79.9081917255399,40.4514869349057,-79.90633362374,40.4508599618404,22.1521428571429,8,0
-80.0286385077037,40.4299818770868,-80.0313992431517,40.4254968575055,36.8376763485477,8,0
-79.9959525089591,40.3822310530178,-79.9997307235887,40.3807447223128,20.5050617283951,8,0
-80.0402300453513,40.4752602082892,-80.0430767604775,40.4788616713903,36.5616806722689,8,0
-80.0067515173083,40.4408418211718,-80.0057367068331,40.4411376831204,14.0348837209302,8,0
-79.9706857360367,40.4592223983745,-79.9692683472242,40.4601879300044,27.1308733624454,8,0
-80.0021496442316,40.4427416558446,-80.001204476475,40.44298540556,7.02686746987952,8,0
-79.9713670515473,40.459794711228,-79.9710247909783,40.4595026543043,9.23461538461538,8,0
-79.9227225155921,40.4606559341915,-79.9208303232947,40.4598057873675,15.3678082191781,8,0
-79.895162141258,40.4471325111818,-79.8939641859437,40.4467438997783,25.8087214611872,8,0
-79.9949588752294,40.4421572580961,-79.9938644319296,40.4438255489674,13.4354193548387,8,0
-79.9920515017368,40.4379707143341,-79.9910380719666,40.437930049429,13.783724137931,8,0
-79.9195314199195,40.4259604940957,-79.9196062036864,40.4257772048927,25.5125675675676,8,0
-79.9786844801315,40.3969661650849,-79.9781091313297,40.3969697844693,29.9039436619718,8,0
-79.9926875889815,40.4531861602506,-79.9913944813615,40.4541873168418,20.2174603174603,8,0
-80.0067515173083,40.4408418211718,-80.0057367068331,40.4411376831204,7.50806201550388,8,0
-79.9327058124292,40.4455023138771,-79.9315453516945,40.4455978473906,21.5842857142857,8,0
-79.9712749696591,40.4598569651379,-79.9699490292631,40.4607719970544,8.775,8,0
-79.9541690711869,40.4622434599612,-79.9528271869621,40.4636423840418,26.3065789473684,8,0
-80.0083407450601,40.4392119873579,-80.0008965479285,40.4364275526204,36.256746031746,8,0
-80.0263769229602,40.4310828697937,-80.0282000949053,40.4309920091858,27.7065942028986,8,0
-80.0301981535007,40.4274028797985,-80.0293313319559,40.4288350771519,37.2448198198198,8,0
-80.0282041299434,40.4326964587646,-80.0279597942606,40.4323757968184,38.3214814814815,8,0
-79.9313115194314,40.4289075869972,-79.9265064045837,40.4279535385354,23.6723711340206,8,0
-79.9296204602831,40.4281248270879,-79.9287982360223,40.4280124307563,23.1237988826816,8,0
-79.9269333026423,40.4269047618018,-79.927907282891,40.427622886212,23.2411801242236,8,0
-80.008085935068,40.4403911695669,-80.0067515173083,40.4408418211718,37.0556626506024,8,0
-80.008085935068,40.4403911695669,-80.0067515173083,40.4408418211718,24.5183720930233,8,0
-79.9265064045837,40.4279535385354,-79.9115530718894,40.4257660639259,44.9854545454545,14,0
-80.0244036478342,40.4318052129682,-80.0137496315058,40.437476134165,38.9750187265918,14,0
-80.0122166400866,40.4383687712438,-80.0101932577667,40.4394384197127,25.3394525547445,14,0
-79.9907961306246,40.4428090280145,-79.989200325114,40.4435179232021,55.4980952380952,14,0
-79.9978397129922,40.4539265375579,-79.9967945383682,40.4540789407027,60.61125,14,0
-80.0068155470256,40.4486238853136,-80.0040286394832,40.4491018032409,27.8891666666667,14,0
-80.002910222571,40.4493018151819,-79.9971486809939,40.4541025848934,42.9003225806452,14,0
-79.994345449673,40.4508737849517,-79.992594276606,40.4555879483839,35.8159160305344,14,0
-79.9078463338854,40.484269090485,-79.9107570017796,40.4855758818875,33.0484574468085,14,0
-79.9371556186231,40.48842923155,-79.9364899634275,40.4886546203303,31.1385185185185,14,0
-79.9078463338854,40.484269090485,-79.9107570017796,40.4855758818875,31.9310144927536,14,0
-80.0096847882152,40.4139636773791,-80.0069334685479,40.411972855867,29.0818518518519,14,0
-80.0095969522231,40.4141981108114,-79.9992681610306,40.4291466738305,26.0450857142857,14,0
-79.9940991622838,40.4358731539459,-79.9934234338469,40.4356650788675,32.0455140186916,14,0
-80.0538479907543,40.4379395958248,-80.0525150498272,40.4364757234696,25.7826785714286,14,0
-80.0296597864083,40.422525108331,-80.029637549836,40.4223812812222,39.3401408450704,14,0
-79.9064454750625,40.4621579880553,-79.9045066779035,40.4631772233954,37.2697744360902,14,0
-79.908622020827,40.4702810699454,-79.9083629382984,40.4732893989324,37.0778571428571,14,0
-79.9564082166558,40.4174687290481,-79.9555233801388,40.4110243253521,31.1660893854749,14,0
-79.9040674261812,40.458007251718,-79.9014791839787,40.457554433013,37.4242857142857,14,0
-80.0286385077037,40.4299818770868,-80.0313992431517,40.4254968575055,41.337695473251,14,0
-80.0273293518876,40.4301995589353,-80.0242829714115,40.4291029347163,31.2284259259259,14,0
-80.0269655597472,40.4442952243475,-80.0273099026248,40.4438756088457,38.3326315789474,14,0
-79.9938644319296,40.4438255489674,-79.9793887794441,40.4516364037542,22.447696969697,14,0
-79.987504012933,40.4488165147956,-79.9860729946509,40.4497096758782,21.6512941176471,14,0
-79.9227225155921,40.4606559341915,-79.9208303232947,40.4598057873675,20.4187647058824,14,0
-79.9949588752294,40.4421572580961,-79.9938644319296,40.4438255489674,18.030612244898,14,0
-79.9972665783316,40.4386899150787,-79.9960558139842,40.4382276046981,12.5330612244898,14,0
-79.950739870938,40.4439080229979,-79.9502222634686,40.4440435019501,18.7368674698795,14,0
-79.9885734086844,40.4287024904679,-79.9875177884176,40.4287261132372,11.229203539823,14,0
-79.9561527456392,40.4108678910846,-79.9555233801388,40.4110243253521,12.9724,14,0
-80.0178138243588,40.4889587560272,-80.0183475206854,40.4895086196958,24.4466363636364,14,0
-80.0038716728955,40.4470597159217,-80.002760387476,40.4441122731106,11.4857608695652,14,0
-80.0045265038133,40.4491368209507,-80.0025581772866,40.4494869449858,12.5669642857143,14,0
-80.0036758059675,40.4529634141981,-80.0026157622243,40.453148489408,13.4671111111111,14,0
-79.9726059506553,40.4376832445192,-79.9710423713806,40.4371794628171,23.4570322580645,14,0
-79.9519108858938,40.4464763390984,-79.9505884684963,40.4467997950008,20.9523267326733,14,0
-79.9926875889815,40.4531861602506,-79.9913944813615,40.4541873168418,14.6556,14,0
-79.9944194541772,40.4463348640889,-79.9923098235013,40.4476347189048,25.9,14,0
-80.0073741412109,40.439176632758,-80.0057457110848,40.4385485295316,11.2341843971631,14,0
-79.9387957756585,40.4438816427602,-79.9382423129348,40.4433556560532,22.59,14,0
-79.9205127602105,40.4438511543988,-79.9198112496364,40.4439693553477,24.0670967741935,14,0
-79.9078463338854,40.484269090485,-79.884275265365,40.4814453500513,24.3443564356436,14,0
-79.9672138150534,40.4626735671717,-79.9650672892723,40.4639911955612,16.4454945054945,14,0
-80.0050212863367,40.4395985870424,-80.0036346644576,40.4390783472366,10.8364539007092,14,0
-79.9585031032464,40.4315923489134,-79.9561660988133,40.4288591298682,54.0720146520147,14,0
-79.9265064045837,40.4279535385354,-79.9115530718894,40.4257660639259,39.9278909090909,14,0
-79.897445970603,40.4259951014493,-79.8965606534151,40.4260391502265,53.9811827956989,14,0
-80.0122166400866,40.4383687712438,-80.0101932577667,40.4394384197127,38.6088518518519,14,0
-80.009642218588,40.4458002787287,-80.0068155470256,40.4486238853136,41.5817786561265,14,0
-80.0068155470256,40.4486238853136,-80.0040286394832,40.4491018032409,47.2259663865546,14,0
-80.0040286394832,40.4491018032409,-79.99774393878,40.4500642937025,49.5257894736842,14,0
-79.9986763560681,40.4585825305189,-79.9984155976068,40.4588420025036,56.4377586206897,14,0
-79.9925236069677,40.441227007875,-79.9896241758045,40.4449731821684,49.0476279069767,14,0
-79.994345449673,40.4508737849517,-79.992594276606,40.4555879483839,53.4086160714286,14,0
-79.9967945383682,40.4540789407027,-79.994451373618,40.45483488248,53.7045893719807,14,0
-80.0297918986936,40.4451540593758,-80.0246823277918,40.4427737351423,21.4372448979592,14,0
-79.994033231545,40.3797725121875,-79.9928810581136,40.3786370809244,32.59588,14,0
-80.0096847882152,40.4139636773791,-80.0069334685479,40.411972855867,36.8461278195489,14,0
-80.0113863018024,40.4150351259468,-80.0099750997733,40.4141620792672,23.6579802955665,14,0
-80.0241686810616,40.4288845379861,-80.0241010031242,40.4300070431932,40.1358744394619,14,0
-79.9447232745249,40.4113125014538,-79.9440772046756,40.4099891732268,25.5117910447761,14,0
-79.9592027818445,40.431135859948,-79.9578169472402,40.4300216919363,21.1190751445087,14,0
-80.0763633877873,40.441805127697,-80.0805267944109,40.4405461276996,22.7018954248366,14,0
-79.9731648588893,40.4358185174974,-79.9652637939903,40.4340356295261,36.2367407407407,14,0
-80.0390568549862,40.4045897794299,-80.0408154672207,40.4033271978306,27.1716666666667,14,0
-79.9082751832002,40.4742161006875,-79.9078463338854,40.484269090485,32.4557918552036,14,0
-79.964528550566,40.4254184567748,-79.9635668684572,40.4262604416841,32.8559459459459,14,0
-79.9885734086844,40.4287024904679,-79.9875177884176,40.4287261132372,16.5149431818182,14,0
-79.9396398601339,40.4566268392728,-79.9385359043376,40.4569330561053,21.9337062937063,14,0
-80.0041812112315,40.3781696461072,-80.0037535671907,40.3778788131584,28.6310857142857,14,0
-79.9938644319296,40.4438255489674,-79.9793887794441,40.4516364037542,15.3552317880795,14,0
-79.9124236185605,40.4540374680032,-79.9112547560137,40.4532318097762,22.0602222222222,14,0
-79.9983628267293,40.4370636187516,-79.9951103950099,40.4359318661507,14.643125,14,0
-79.9949588752294,40.4421572580961,-79.9938644319296,40.4438255489674,13.3512101910828,14,0
-79.9271466671276,40.4196076395184,-79.9259155613696,40.4173890459494,21.6070434782609,14,0
-79.9195314199195,40.4259604940957,-79.9196062036864,40.4257772048927,25.3847368421053,14,0
-80.0178138243588,40.4889587560272,-80.0183475206854,40.4895086196958,26.5988405797101,14,0
-79.9909436559591,40.4388066149727,-79.9903216585652,40.4387760865923,8.04736842105263,14,0
-79.986890305975,40.4482209559937,-79.9853935919249,40.4491515919171,10.5516666666667,14,0
-79.9944194541772,40.4463348640889,-79.9923098235013,40.4476347189048,25.5941891891892,14,0
-80.0086820224255,40.4419328381355,-80.0062755351174,40.4434133763627,19.8532876712329,14,0
-80.0073741412109,40.439176632758,-80.0057457110848,40.4385485295316,19.2818421052632,14,0
-80.0067515173083,40.4408418211718,-80.0057367068331,40.4411376831204,7.62977941176471,14,0
-79.9377041981304,40.4882355937109,-79.9371556186231,40.48842923155,31.8002564102564,14,0
-80.0068155470256,40.4486238853136,-80.0040286394832,40.4491018032409,48.0412021857924,14,0
-80.0263769229602,40.4310828697937,-80.0282000949053,40.4309920091858,27.7119424460432,14,0
-80.0083407450601,40.4392119873579,-80.0008965479285,40.4364275526204,43.076,14,0
-79.8954867327822,40.4260918458055,-79.8912583999688,40.4272022288893,41.9144736842105,14,0
-79.8954867327822,40.4260918458055,-79.8912583999688,40.4272022288893,45.8402919708029,14,0
-79.9345395499204,40.4280926881383,-79.9324016481417,40.4288983220687,23.3035632183908,14,0
-79.9296204602831,40.4281248270879,-79.929988274027,40.4282106911143,16.2833333333333,14,0
-79.9279089232774,40.4276216274133,-79.9271052926905,40.4279722016031,20.5420512820513,14,0
-79.9269333026423,40.4269047618018,-79.927907282891,40.427622886212,23.2023456790123,14,0
-80.008085935068,40.4403911695669,-80.0067515173083,40.4408418211718,21.2152272727273,14,0
-79.9950846969213,40.4340592584893,-79.975451887022,40.4358814204196,53.5534686346863,20,0
-80.0308857670384,40.4248955995166,-80.0296597864083,40.422525108331,48.966701754386,20,0
-80.0089667632282,40.4420244081969,-80.0083407450601,40.4392119873579,39.292447257384,20,0
-80.0313990066487,40.4621392443405,-80.0295331809106,40.4566353374556,50.6179841897233,20,0
-79.994345449673,40.4508737849517,-79.992594276606,40.4555879483839,50.0846511627907,20,0
-80.0068155470256,40.4486238853136,-80.0040286394832,40.4491018032409,27.3638,20,0
-80.0072608299231,40.4712739676124,-80.0028681272323,40.4732005010262,65.448418079096,20,0
-80.0101871745366,40.4919643749712,-79.9991860138232,40.4592068976146,65.4318320610687,20,0
-80.0265358940255,40.4306586606179,-80.0255747887141,40.4304749793851,44.0072033898305,20,0
-79.9936706920704,40.3839552184347,-79.9950761982209,40.3846962459415,30.602984496124,20,0
-79.9447232745249,40.4113125014538,-79.9440772046756,40.4099891732268,32.0328358208955,20,0
-79.9947814578496,40.4356781864908,-79.9927549742099,40.4349170260538,23.4069230769231,20,0
-80.0298159393815,40.418262579036,-80.0299444733957,40.4158994069639,36.3406010928962,20,0
-79.9124236185605,40.4540374680032,-79.9112547560137,40.4532318097762,24.1635,20,0
-79.9592027818445,40.431135859948,-79.9578169472402,40.4300216919363,34.6798675496689,20,0
-79.932898353441,40.3928428089954,-79.9324234258616,40.3929127097395,39.2301657458564,20,0
-79.9885734086844,40.4287024904679,-79.9875177884176,40.4287261132372,24.1225714285714,20,0
-79.9040674261812,40.458007251718,-79.9014791839787,40.457554433013,37.3161111111111,20,0
-80.0286385077037,40.4299818770868,-80.0313992431517,40.4254968575055,41.3527459016393,20,0
-80.0355743026819,40.4677509976448,-80.0377090779032,40.4717698844338,41.6472727272727,20,0
-80.0402300453513,40.4752602082892,-80.0430767604775,40.4788616713903,37.7231300813008,20,0
-80.0099467728547,40.4133356123781,-80.0072597244795,40.4123165109466,21.9432075471698,20,0
-79.9938644319296,40.4438255489674,-79.9793887794441,40.4516364037542,22.3834730538922,20,0
-79.9706857360367,40.4592223983745,-79.9692683472242,40.4601879300044,26.3386896551724,20,0
-79.9968026100721,40.4393935602654,-79.9955980289364,40.438995824972,13.5520526315789,20,0
-79.9972665783316,40.4386899150787,-79.9960558139842,40.4382276046981,12.6306862745098,20,0
-79.9130828733393,40.4380276555525,-79.9114746951869,40.4380127850891,33.7504444444444,20,0
-80.0070118065913,40.440296741003,-80.0050212863367,40.4395985870424,14.3569421487603,20,0
-79.9561527456392,40.4108678910846,-79.9555233801388,40.4110243253521,12.9623076923077,20,0
-80.0048978138933,40.4503119386,-80.0029523507111,40.4507018675502,21.08,20,0
-79.9926875889815,40.4531861602506,-79.9913944813615,40.4541873168418,14.6597368421053,20,0
-79.9207120976228,40.4528937793734,-79.9196924176311,40.4530269621727,17.8130487804878,20,0
-79.9078463338854,40.484269090485,-79.884275265365,40.4814453500513,24.4193269230769,20,0
-79.9377041981304,40.4882355937109,-79.9371556186231,40.48842923155,21.1016,20,0
-79.97942123021,40.4645937635711,-79.9746014247983,40.4624650538394,9.55538461538462,20,0
-79.9573391450432,40.4586336883718,-79.9568349743246,40.4584803708789,30.6568316831683,20,0
-79.9541690711869,40.4622434599612,-79.9528271869621,40.4636423840418,21.9649230769231,20,0
-80.0083407450601,40.4392119873579,-80.0008965479285,40.4364275526204,21.1672847682119,20,0
-80.0009760641647,40.4363019000935,-79.9950846969213,40.4340592584893,48.3558518518519,20,0
-79.975451887022,40.4358814204196,-79.9669779554227,40.435816601867,52.0628947368421,20,0
-79.897445970603,40.4259951014493,-79.8965606534151,40.4260391502265,54.102688172043,20,0
-80.0305372118504,40.4227552574639,-80.0350106772891,40.4200229177011,41.3881818181818,20,0
-80.0308857670384,40.4248955995166,-80.0296597864083,40.422525108331,40.9390592334495,20,0
-80.0101932577667,40.4394384197127,-80.0009760641647,40.4363019000935,33.279022556391,20,0
-79.9986763560681,40.4585825305189,-79.9984155976068,40.4588420025036,56.3679310344828,20,0
-80.0033718183344,40.4705065062809,-80.0054039972957,40.4741087238741,56.7790681003584,20,0
-80.0094893220899,40.4915855241028,-80.008887253372,40.4869745617861,58.6377911646586,20,0
-80.0313990066487,40.4621392443405,-80.0295331809106,40.4566353374556,50.84812,20,0
-79.9910359219339,40.4441669287632,-79.9927098301159,40.4414098558353,52.4917283950617,20,0
-80.0101871745366,40.4919643749712,-79.9991860138232,40.4592068976146,60.5428947368421,20,0
-79.9944787458684,40.4361386820739,-79.9937329087073,40.4388939853645,37.5997902097902,20,0
-80.0297918986936,40.4451540593758,-80.0246823277918,40.4427737351423,21.3873737373737,20,0
-80.0113863018024,40.4150351259468,-80.0099750997733,40.4141620792672,23.4806862745098,20,0
-79.994345449673,40.4508737849517,-79.992594276606,40.4555879483839,39.7993560606061,20,0
-80.0095969522231,40.4141981108114,-79.9992681610306,40.4291466738305,26.675597826087,20,0
-79.9564077994022,40.4351240791047,-79.9559382017702,40.4349670067122,17.825,20,0
-79.9725284218537,40.4370888827526,-79.9669779554227,40.435816601867,38.069014084507,20,0
-79.9940991622838,40.4358731539459,-79.9934234338469,40.4356650788675,41.4431764705882,20,0
-79.9578169472402,40.4300216919363,-79.9537801038007,40.4259127094974,37.6967073170732,20,0
-79.9947814578496,40.4356781864908,-79.9927549742099,40.4349170260538,39.9764851485149,20,0
-79.908622020827,40.4702810699454,-79.9083629382984,40.4732893989324,36.8280625,20,0
-79.9736072798972,40.4283624304508,-79.9730368160275,40.4283201203986,16.8245360824742,20,0
-80.0169876050877,40.4396997937825,-80.0122166400866,40.4383687712438,27.8784656084656,20,0
-80.0297918986936,40.4451540593758,-80.0246823277918,40.4427737351423,31.9141624365482,20,0
-79.9925236069677,40.441227007875,-79.9896241758045,40.4449731821684,42.3099206349206,20,0
-79.9605315513641,40.4579282650159,-79.9561503883639,40.4600688621436,30.5963057324841,20,0
-79.953333955181,40.4539936016825,-79.9526179446311,40.4540134268256,25.1622900763359,20,0
-80.0286385077037,40.4299818770868,-80.0313992431517,40.4254968575055,37.1094650205761,20,0
-79.9938644319296,40.4438255489674,-79.9793887794441,40.4516364037542,15.2748051948052,20,0
-79.9540109979473,40.4633777635809,-79.9528271869621,40.4636423840418,24.7630555555556,20,0
-79.9410601796627,40.4573870349761,-79.9396398601339,40.4566268392728,18.5470454545455,20,0
-79.9989958336719,40.4361359760979,-79.9987223241902,40.4365554131272,9.21585526315789,20,0
-79.9983628267293,40.4370636187516,-79.9951103950099,40.4359318661507,14.4948872180451,20,0
-79.9949588752294,40.4421572580961,-79.9938644319296,40.4438255489674,13.3243125,20,0
-79.9734063093925,40.4338525078765,-79.9725284218537,40.4370888827526,34.5392700729927,20,0
-79.9885734086844,40.4287024904679,-79.9875177884176,40.4287261132372,10.4889873417722,20,0
-79.9983628267293,40.4370636187516,-79.9951103950099,40.4359318661507,13.2805487804878,20,0
-79.9968026100721,40.4393935602654,-79.9955980289364,40.438995824972,9.22662162162162,20,0
-80.0430767604775,40.4788616713903,-80.0483759571475,40.4771248893655,32.9690948275862,20,0
-79.9926875889815,40.4531861602506,-79.9913944813615,40.4541873168418,19.9970833333333,20,0
-80.0086820224255,40.4419328381355,-80.0062755351174,40.4434133763627,20.025,20,0
-79.9982712475594,40.4455680725947,-79.9976321603095,40.4445121472975,14.1756140350877,20,0
-79.9207120976228,40.4528937793734,-79.9196924176311,40.4530269621727,23.0643157894737,20,0
-79.9622902158894,40.4687069929587,-79.9617324544809,40.4691443005922,16.54256,20,0
-79.9622902158894,40.4687069929587,-79.9617324544809,40.4691443005922,19.0189908256881,20,0
-80.0041140549738,40.4422129563758,-80.0030963247696,40.4424896293097,10.0426262626263,20,0
-80.0046754462284,40.4434580775322,-80.0036701762343,40.4437230789619,10.9103571428571,20,0
-80.0273293518876,40.4301995589353,-80.0242829714115,40.4291029347163,34.1990066225166,20,0
-80.0286385077037,40.4299818770868,-80.0313992431517,40.4254968575055,42.6708154506438,20,0
-80.0073741412109,40.439176632758,-80.0057457110848,40.4385485295316,43.6452287581699,20,0
-79.8953810601923,40.425905749978,-79.8920015498497,40.4278762786416,51.2518421052632,20,0
-79.8954867327822,40.4260918458055,-79.8912583999688,40.4272022288893,38.8643113772455,20,0
-79.8954867327822,40.4260918458055,-79.8912583999688,40.4272022288893,46.0443884892086,20,0
-79.9269333026423,40.4269047618018,-79.927907282891,40.427622886212,23.3903067484663,20,0
-79.9288416746472,40.4282945683593,-79.9309885907971,40.4284244896935,24.5852205882353,20,0
